<?xml version="1.0" encoding="UTF-8" standalone="no"?><configurationDescriptor version="65">
  <logicalFolder displayName="root" name="root" projectFiles="true">
    <logicalFolder displayName="Header Files" name="HeaderFiles" projectFiles="true">
      <logicalFolder displayName="MCC Generated Files" name="MCC Generated Files" projectFiles="true">
        <logicalFolder displayName="adc" name="adc" projectFiles="true">
          <itemPath>mcc_generated_files/adc/adc.h</itemPath>
        </logicalFolder>
        <logicalFolder displayName="comparator" name="comparator" projectFiles="true">
          <itemPath>mcc_generated_files/comparator/cmp1.h</itemPath>
        </logicalFolder>
        <logicalFolder displayName="dac" name="dac" projectFiles="true">
          <itemPath>mcc_generated_files/dac/dac3.h</itemPath>
          <itemPath>mcc_generated_files/dac/dac2.h</itemPath>
        </logicalFolder>
        <logicalFolder displayName="data_streamer" name="data_streamer" projectFiles="true">
          <itemPath>mcc_generated_files/data_streamer/data_streamer.h</itemPath>
        </logicalFolder>
        <logicalFolder displayName="system" name="system" projectFiles="true">
          <itemPath>mcc_generated_files/system/pins.h</itemPath>
          <itemPath>mcc_generated_files/system/system.h</itemPath>
          <itemPath>mcc_generated_files/system/interrupt.h</itemPath>
          <itemPath>mcc_generated_files/system/clock.h</itemPath>
          <itemPath>mcc_generated_files/system/config_bits.h</itemPath>
        </logicalFolder>
        <logicalFolder displayName="timer" name="timer" projectFiles="true">
          <itemPath>mcc_generated_files/timer/tu16a.h</itemPath>
          <itemPath>mcc_generated_files/timer/timer_interface.h</itemPath>
        </logicalFolder>
        <logicalFolder displayName="uart" name="uart" projectFiles="true">
          <itemPath>mcc_generated_files/uart/uart_types.h</itemPath>
          <itemPath>mcc_generated_files/uart/uart2.h</itemPath>
          <itemPath>mcc_generated_files/uart/uart_drv_interface.h</itemPath>
        </logicalFolder>
      </logicalFolder>
    </logicalFolder>
    <logicalFolder displayName="Important Files" name="ExternalFiles" projectFiles="true">
      <itemPath>Makefile</itemPath>
      <itemPath>UC7_ADC_Diff.mc3</itemPath>
    </logicalFolder>
    <logicalFolder displayName="Linker Files" name="LinkerScript" projectFiles="true">
    </logicalFolder>
    <logicalFolder displayName="Source Files" name="SourceFiles" projectFiles="true">
      <logicalFolder displayName="MCC Generated Files" name="MCC Generated Files" projectFiles="true">
        <logicalFolder displayName="adc" name="adc" projectFiles="true">
          <logicalFolder displayName="src" name="src" projectFiles="true">
            <itemPath>mcc_generated_files/adc/src/adc.c</itemPath>
          </logicalFolder>
        </logicalFolder>
        <logicalFolder displayName="comparator" name="comparator" projectFiles="true">
          <logicalFolder displayName="src" name="src" projectFiles="true">
            <itemPath>mcc_generated_files/comparator/src/cmp1.c</itemPath>
          </logicalFolder>
        </logicalFolder>
        <logicalFolder displayName="dac" name="dac" projectFiles="true">
          <logicalFolder displayName="src" name="src" projectFiles="true">
            <itemPath>mcc_generated_files/dac/src/dac3.c</itemPath>
            <itemPath>mcc_generated_files/dac/src/dac2.c</itemPath>
          </logicalFolder>
        </logicalFolder>
        <logicalFolder displayName="data_streamer" name="data_streamer" projectFiles="true">
          <logicalFolder displayName="src" name="src" projectFiles="true">
            <itemPath>mcc_generated_files/data_streamer/src/data_streamer.c</itemPath>
          </logicalFolder>
          <itemPath>mcc_generated_files/data_streamer/data_streamer.ds</itemPath>
        </logicalFolder>
        <logicalFolder displayName="system" name="system" projectFiles="true">
          <logicalFolder displayName="src" name="src" projectFiles="true">
            <itemPath>mcc_generated_files/system/src/clock.c</itemPath>
            <itemPath>mcc_generated_files/system/src/system.c</itemPath>
            <itemPath>mcc_generated_files/system/src/interrupt.c</itemPath>
            <itemPath>mcc_generated_files/system/src/pins.c</itemPath>
            <itemPath>mcc_generated_files/system/src/config_bits.c</itemPath>
          </logicalFolder>
        </logicalFolder>
        <logicalFolder displayName="timer" name="timer" projectFiles="true">
          <logicalFolder displayName="src" name="src" projectFiles="true">
            <itemPath>mcc_generated_files/timer/src/tu16a.c</itemPath>
          </logicalFolder>
        </logicalFolder>
        <logicalFolder displayName="uart" name="uart" projectFiles="true">
          <logicalFolder displayName="src" name="src" projectFiles="true">
            <itemPath>mcc_generated_files/uart/src/uart2.c</itemPath>
          </logicalFolder>
        </logicalFolder>
      </logicalFolder>
      <itemPath>main.c</itemPath>
    </logicalFolder>
  </logicalFolder>
  <projectmakefile>Makefile</projectmakefile>
  <confs>
    <conf name="default" type="2">
      <toolsSet>
        <developmentServer>localhost</developmentServer>
        <targetDevice>PIC18F56Q71</targetDevice>
        <targetHeader/>
        <targetPluginBoard/>
        <platformTool>nEdbgTool</platformTool>
        <languageToolchain>XC8</languageToolchain>
        <languageToolchainVersion>2.46</languageToolchainVersion>
        <platform>3</platform>
      </toolsSet>
      <packs>
        <pack name="PIC18F-Q_DFP" vendor="Microchip" version="1.24.430"/>
      </packs>
      <ScriptingSettings>
      </ScriptingSettings>
      <compileType>
        <linkerTool>
          <linkerLibItems>
          </linkerLibItems>
        </linkerTool>
        <archiverTool>
        </archiverTool>
        <loading>
          <useAlternateLoadableFile>false</useAlternateLoadableFile>
          <parseOnProdLoad>false</parseOnProdLoad>
          <alternateLoadableFile/>
        </loading>
        <subordinates>
        </subordinates>
      </compileType>
      <makeCustomizationType>
        <makeCustomizationPreStepEnabled>false</makeCustomizationPreStepEnabled>
        <makeUseCleanTarget>false</makeUseCleanTarget>
        <makeCustomizationPreStep/>
        <makeCustomizationPostStepEnabled>false</makeCustomizationPostStepEnabled>
        <makeCustomizationPostStep/>
        <makeCustomizationPutChecksumInUserID>false</makeCustomizationPutChecksumInUserID>
        <makeCustomizationEnableLongLines>false</makeCustomizationEnableLongLines>
        <makeCustomizationNormalizeHexFile>false</makeCustomizationNormalizeHexFile>
      </makeCustomizationType>
      <HI-TECH-COMP>
        <property key="additional-warnings" value="true"/>
        <property key="asmlist" value="true"/>
        <property key="call-prologues" value="false"/>
        <property key="default-bitfield-type" value="true"/>
        <property key="default-char-type" value="true"/>
        <property key="define-macros" value=""/>
        <property key="disable-optimizations" value="true"/>
        <property key="extra-include-directories" value=""/>
        <property key="favor-optimization-for" value="-speed,+space"/>
        <property key="garbage-collect-data" value="true"/>
        <property key="garbage-collect-functions" value="true"/>
        <property key="identifier-length" value="255"/>
        <property key="local-generation" value="false"/>
        <property key="operation-mode" value="pro"/>
        <property key="opt-xc8-compiler-strict_ansi" value="false"/>
        <property key="optimization-assembler" value="true"/>
        <property key="optimization-assembler-files" value="false"/>
        <property key="optimization-debug" value="false"/>
        <property key="optimization-invariant-enable" value="false"/>
        <property key="optimization-invariant-value" value="16"/>
        <property key="optimization-level" value="-O0"/>
        <property key="optimization-speed" value="false"/>
        <property key="optimization-stable-enable" value="false"/>
        <property key="preprocess-assembler" value="true"/>
        <property key="short-enums" value="true"/>
        <property key="tentative-definitions" value="-fno-common"/>
        <property key="undefine-macros" value=""/>
        <property key="use-cci" value="false"/>
        <property key="use-iar" value="false"/>
        <property key="verbose" value="false"/>
        <property key="warning-level" value="-3"/>
        <property key="what-to-do" value="ignore"/>
      </HI-TECH-COMP>
      <HI-TECH-LINK>
        <property key="additional-options-checksum" value=""/>
        <property key="additional-options-checksumAVR" value=""/>
        <property key="additional-options-code-offset" value=""/>
        <property key="additional-options-command-line" value=""/>
        <property key="additional-options-errata" value=""/>
        <property key="additional-options-extend-address" value="false"/>
        <property key="additional-options-trace-type" value=""/>
        <property key="additional-options-use-response-files" value="false"/>
        <property key="backup-reset-condition-flags" value="false"/>
        <property key="calibrate-oscillator" value="false"/>
        <property key="calibrate-oscillator-value" value="0x3400"/>
        <property key="clear-bss" value="true"/>
        <property key="code-model-external" value="wordwrite"/>
        <property key="code-model-rom" value=""/>
        <property key="create-html-files" value="false"/>
        <property key="data-model-ram" value=""/>
        <property key="data-model-size-of-double" value="32"/>
        <property key="data-model-size-of-double-gcc" value="no-short-double"/>
        <property key="data-model-size-of-float" value="32"/>
        <property key="data-model-size-of-float-gcc" value="no-short-float"/>
        <property key="display-class-usage" value="false"/>
        <property key="display-hex-usage" value="false"/>
        <property key="display-overall-usage" value="true"/>
        <property key="display-psect-usage" value="false"/>
        <property key="extra-lib-directories" value=""/>
        <property key="fill-flash-options-addr" value=""/>
        <property key="fill-flash-options-const" value=""/>
        <property key="fill-flash-options-how" value="0"/>
        <property key="fill-flash-options-inc-const" value="1"/>
        <property key="fill-flash-options-increment" value=""/>
        <property key="fill-flash-options-seq" value=""/>
        <property key="fill-flash-options-what" value="0"/>
        <property key="format-hex-file-for-download" value="false"/>
        <property key="initialize-data" value="true"/>
        <property key="input-libraries" value="libm"/>
        <property key="keep-generated-startup.as" value="false"/>
        <property key="link-in-c-library" value="true"/>
        <property key="link-in-c-library-gcc" value=""/>
        <property key="link-in-peripheral-library" value="false"/>
        <property key="managed-stack" value="false"/>
        <property key="opt-xc8-linker-file" value="false"/>
        <property key="opt-xc8-linker-link_startup" value="false"/>
        <property key="opt-xc8-linker-serial" value=""/>
        <property key="program-the-device-with-default-config-words" value="false"/>
        <property key="remove-unused-sections" value="true"/>
      </HI-TECH-LINK>
      <XC8-CO>
        <property key="coverage-enable" value=""/>
        <property key="stack-guidance" value="false"/>
      </XC8-CO>
      <XC8-config-global>
        <property key="advanced-elf" value="true"/>
        <property key="constdata-progmem" value="false"/>
        <property key="gcc-opt-driver-new" value="true"/>
        <property key="gcc-opt-std" value="-std=c99"/>
        <property key="gcc-output-file-format" value="dwarf-3"/>
        <property key="mapped-progmem" value="false"/>
        <property key="omit-pack-options" value="false"/>
        <property key="omit-pack-options-new" value="1"/>
        <property key="output-file-format" value="-mcof,+elf"/>
        <property key="smart-io-format" value=""/>
        <property key="stack-size-high" value="auto"/>
        <property key="stack-size-low" value="auto"/>
        <property key="stack-size-main" value="auto"/>
        <property key="stack-type" value="compiled"/>
        <property key="user-pack-device-support" value=""/>
        <property key="wpo-lto" value="false"/>
      </XC8-config-global>
    </conf>
  </confs>
</configurationDescriptor>